z,dl,ddl
0.042473,194.060178,10.577101
0.043936,200.953150,23.566509
0.063316,293.591824,19.873591
0.068183,317.234184,16.226127
0.071882,335.298668,44.389951
0.073858,344.985452,28.507199
