z,dl,ddl
0.042473,194.060178,193.581568
0.063316,293.591824,288.515856
0.068183,317.234184,319.108437
0.071882,335.298668,336.980989
0.073858,344.985452,311.265586
