z,dl,ddl
0.442552,2521.853976,2197.923761
